chromosome	start	end	gene	depth	log2
1	100336353	100336425	AGL	271.306	8.08377
1	100340759	100340812	AGL	312.415	8.28732
1	100340953	100341011	AGL	275.776	8.10735
