chromosome	start	end	gene	depth	log2	weight
1	100336353	100336425	AGL	271.306	-0.0378527	0.999509
1	100340759	100340812	AGL	312.415	0.0639178	0.983729
1	100340953	100341011	AGL	275.776	-0.0260651	0.999759
